Company,FiscalYear,y_true,y_true_delta,Fundamental_Outlook_raw,Fundamental_Outlook,Risk_Flag_raw,Risk_Flag,R4_fired,low_conf_membership,fired_rules,dominant_states,top_pos_signal,top_pos_signal_label,top_pos_membership,top_neg_signal,top_neg_signal_label,top_neg_membership,GP_sigma
ADBL,2074/2075,0,-0.29,0.6652764838664728,0.5641783642052003,0.575998386440049,0.575998386440049,True,0.8738441298586143,"R1,R4,R5","{""SHAP_CD_Ratio"": {""state"": ""neutral"", ""label"": ""Stable"", ""membership"": 0.9560722987622979}, ""SHAP_Base_Rate"": {""state"": ""positive"", ""label"": ""Funding pressure rising"", ""membership"": 0.9874679648717817}, ""SHAP_Interest_Spread"": {""state"": ""negative"", ""label"": ""Margin compression"", ""membership"": 0.9981514730202359}, ""SHAP_CAR"": {""state"": ""neutral"", ""label"": ""Stable"", ""membership"": 0.969650132025112}, ""GP_mu"": {""state"": ""neutral"", ""label"": ""Flat outlook"", ""membership"": 0.9635081898324833}, ""GP_confidence"": {""state"": ""negative"", ""label"": ""Low confidence"", ""membership"": 0.8738441298586143}}",SHAP_Base_Rate,Funding pressure rising,0.9874679648717817,SHAP_Interest_Spread,Margin compression,0.9981514730202359,0.3792840476364769
ADBL,2075/2076,0,-0.1899999999999999,0.7051686550459149,0.570074929591027,0.3684696217870429,0.5,True,0.9406458131771441,"R2,R4,R5","{""SHAP_CD_Ratio"": {""state"": ""negative"", ""label"": ""Liquidity-pressure reducing"", ""membership"": 0.9963089968581663}, ""SHAP_Base_Rate"": {""state"": ""negative"", ""label"": ""Funding pressure easing"", ""membership"": 0.9673324423894739}, ""SHAP_Interest_Spread"": {""state"": ""negative"", ""label"": ""Margin compression"", ""membership"": 0.9972606473895299}, ""SHAP_CAR"": {""state"": ""positive"", ""label"": ""Capital cushion strengthening"", ""membership"": 0.9829389809518225}, ""GP_mu"": {""state"": ""neutral"", ""label"": ""Flat outlook"", ""membership"": 0.7657651255522337}, ""GP_confidence"": {""state"": ""negative"", ""label"": ""Low confidence"", ""membership"": 0.9406458131771441}}",SHAP_CAR,Capital cushion strengthening,0.9829389809518225,SHAP_Interest_Spread,Margin compression,0.9972606473895299,0.2994464131304344
ADBL,2076/2077,0,-0.8699999999999999,0.6905191662628142,0.5639637910772477,0.3796676496685045,0.5,True,0.948951208787257,"R4,R5","{""SHAP_CD_Ratio"": {""state"": ""neutral"", ""label"": ""Stable"", ""membership"": 0.9999266599150651}, ""SHAP_Base_Rate"": {""state"": ""positive"", ""label"": ""Funding pressure rising"", ""membership"": 0.7395004519664442}, ""SHAP_Interest_Spread"": {""state"": ""neutral"", ""label"": ""Stable"", ""membership"": 0.9921161901355295}, ""SHAP_CAR"": {""state"": ""neutral"", ""label"": ""Stable"", ""membership"": 0.9458835056204343}, ""GP_mu"": {""state"": ""neutral"", ""label"": ""Flat outlook"", ""membership"": 0.8225629227938607}, ""GP_confidence"": {""state"": ""negative"", ""label"": ""Low confidence"", ""membership"": 0.948951208787257}}",SHAP_CAR,Capital cushion strengthening,0.9398704030319548,SHAP_Interest_Spread,Margin compression,0.9602741398723827,0.3011546851924681
ADBL,2077/2078,0,-0.1600000000000001,0.6552149603872954,0.5551544804145523,0.37239741080599653,0.5,True,0.9209392088335365,"R2,R4,R5,R7","{""SHAP_CD_Ratio"": {""state"": ""neutral"", ""label"": ""Stable"", ""membership"": 0.9798794652341768}, ""SHAP_Base_Rate"": {""state"": ""neutral"", ""label"": ""Stable"", ""membership"": 0.9947024552532362}, ""SHAP_Interest_Spread"": {""state"": ""neutral"", ""label"": ""Stable"", ""membership"": 0.9999896686575647}, ""SHAP_CAR"": {""state"": ""positive"", ""label"": ""Capital cushion strengthening"", ""membership"": 0.5002697043212826}, ""GP_mu"": {""state"": ""negative"", ""label"": ""Improving outlook"", ""membership"": 0.9818319154446771}, ""GP_confidence"": {""state"": ""negative"", ""label"": ""Low confidence"", ""membership"": 0.9209392088335365}}",SHAP_CAR,Capital cushion strengthening,0.5002697043212826,SHAP_Interest_Spread,Margin compression,0.920884997524517,0.2958752673868071
ADBL,2078/2079,1,0.8,0.5617490400721264,0.5198336932464488,0.7017827414262681,0.7017827414262681,True,0.9697165627819151,"R1,R2,R4,R8","{""SHAP_CD_Ratio"": {""state"": ""positive"", ""label"": ""Liquidity-pressure building"", ""membership"": 0.9824052582140467}, ""SHAP_Base_Rate"": {""state"": ""negative"", ""label"": ""Funding pressure easing"", ""membership"": 0.9871610750693623}, ""SHAP_Interest_Spread"": {""state"": ""negative"", ""label"": ""Margin compression"", ""membership"": 0.9007291692287549}, ""SHAP_CAR"": {""state"": ""neutral"", ""label"": ""Stable"", ""membership"": 0.9999671831078039}, ""GP_mu"": {""state"": ""negative"", ""label"": ""Improving outlook"", ""membership"": 0.8138827901096168}, ""GP_confidence"": {""state"": ""negative"", ""label"": ""Low confidence"", ""membership"": 0.9697165627819151}}",SHAP_CD_Ratio,Liquidity-pressure building,0.9824052582140467,SHAP_Base_Rate,Funding pressure easing,0.9871610750693623,0.3062808361162201
ADBL,2079/2080,1,0.96,0.6358180017972933,0.6358180017972933,0.3719150428509323,0.3719150428509323,False,0.49637564448973265,R5,"{""SHAP_CD_Ratio"": {""state"": ""neutral"", ""label"": ""Stable"", ""membership"": 0.978913816480952}, ""SHAP_Base_Rate"": {""state"": ""positive"", ""label"": ""Funding pressure rising"", ""membership"": 0.9030869477012595}, ""SHAP_Interest_Spread"": {""state"": ""positive"", ""label"": ""Margin expansion"", ""membership"": 0.9669942201967731}, ""SHAP_CAR"": {""state"": ""negative"", ""label"": ""Capital pressure building"", ""membership"": 0.8813382363420369}, ""GP_mu"": {""state"": ""neutral"", ""label"": ""Flat outlook"", ""membership"": 0.9856386030750852}, ""GP_confidence"": {""state"": ""neutral"", ""label"": ""Moderate confidence"", ""membership"": 0.9825337899521295}}",SHAP_Interest_Spread,Margin expansion,0.9669942201967731,SHAP_CD_Ratio,Liquidity-pressure reducing,0.8830902937564378,0.2566470608120701
ADBL,2080/2081,0,-0.1800000000000001,0.6535747927237926,0.6535747927237926,0.3686217550063002,0.3686217550063002,False,0.48359746490479866,"R2,R3,R5,R7","{""SHAP_CD_Ratio"": {""state"": ""negative"", ""label"": ""Liquidity-pressure reducing"", ""membership"": 0.9848656306887046}, ""SHAP_Base_Rate"": {""state"": ""negative"", ""label"": ""Funding pressure easing"", ""membership"": 0.9718996527080003}, ""SHAP_Interest_Spread"": {""state"": ""positive"", ""label"": ""Margin expansion"", ""membership"": 0.4438461321141245}, ""SHAP_CAR"": {""state"": ""negative"", ""label"": ""Capital pressure building"", ""membership"": 0.9995454548578705}, ""GP_mu"": {""state"": ""negative"", ""label"": ""Improving outlook"", ""membership"": 0.985556351623371}, ""GP_confidence"": {""state"": ""neutral"", ""label"": ""Moderate confidence"", ""membership"": 0.9782816629142854}}",SHAP_Interest_Spread,Margin expansion,0.4438461321141245,SHAP_CAR,Capital pressure building,0.9995454548578705,0.2557597243857001
ADBL,2081/2082,1,1.5200000000000005,0.5903714687649572,0.5497965157397383,0.3682748491916316,0.5,True,0.6413995412447256,"R4,R7","{""SHAP_CD_Ratio"": {""state"": ""negative"", ""label"": ""Liquidity-pressure reducing"", ""membership"": 0.9994574181473299}, ""SHAP_Base_Rate"": {""state"": ""neutral"", ""label"": ""Stable"", ""membership"": 0.9984826503824907}, ""SHAP_Interest_Spread"": {""state"": ""neutral"", ""label"": ""Stable"", ""membership"": 0.9958683797327191}, ""SHAP_CAR"": {""state"": ""negative"", ""label"": ""Capital pressure building"", ""membership"": 0.9390879400568939}, ""GP_mu"": {""state"": ""negative"", ""label"": ""Improving outlook"", ""membership"": 0.26636104149658024}, ""GP_confidence"": {""state"": ""negative"", ""label"": ""Low confidence"", ""membership"": 0.6413995412447256}}",SHAP_Interest_Spread,Margin expansion,0.1794886302195026,SHAP_CD_Ratio,Liquidity-pressure reducing,0.9994574181473299,0.451460933173788
EBL,2074/2075,0,-0.04,0.6865994643910409,0.6865994643910409,0.5748562941424542,0.5748562941424542,False,0.0197583413293948,"R2,R3,R5","{""SHAP_CD_Ratio"": {""state"": ""neutral"", ""label"": ""Stable"", ""membership"": 0.9952980707499849}, ""SHAP_Base_Rate"": {""state"": ""negative"", ""label"": ""Funding pressure easing"", ""membership"": 0.9732399423232804}, ""SHAP_Interest_Spread"": {""state"": ""negative"", ""label"": ""Margin compression"", ""membership"": 0.998326755353638}, ""SHAP_CAR"": {""state"": ""positive"", ""label"": ""Capital cushion strengthening"", ""membership"": 0.997885850617677}, ""GP_mu"": {""state"": ""neutral"", ""label"": ""Flat outlook"", ""membership"": 0.9629147220295274}, ""GP_confidence"": {""state"": ""positive"", ""label"": ""High confidence"", ""membership"": 0.9443166505334668}}",SHAP_CAR,Capital cushion strengthening,0.997885850617677,SHAP_Interest_Spread,Margin compression,0.998326755353638,0.2085064649529622
EBL,2075/2076,0,0.06,0.6987486740659292,0.6987486740659292,0.36833242830033625,0.36833242830033625,False,0.0008764966245769059,"R2,R3,R5,R7","{""SHAP_CD_Ratio"": {""state"": ""negative"", ""label"": ""Liquidity-pressure reducing"", ""membership"": 0.9877293451851525}, ""SHAP_Base_Rate"": {""state"": ""negative"", ""label"": ""Funding pressure easing"", ""membership"": 0.999926279432164}, ""SHAP_Interest_Spread"": {""state"": ""neutral"", ""label"": ""Stable"", ""membership"": 0.9603015053802966}, ""SHAP_CAR"": {""state"": ""neutral"", ""label"": ""Stable"", ""membership"": 0.9966160856258369}, ""GP_mu"": {""state"": ""negative"", ""label"": ""Improving outlook"", ""membership"": 0.9933017077269227}, ""GP_confidence"": {""state"": ""positive"", ""label"": ""High confidence"", ""membership"": 0.8291064673618057}}",SHAP_CAR,Capital cushion strengthening,0.8335573037595507,SHAP_Base_Rate,Funding pressure easing,0.999926279432164,0.1903575808705392
EBL,2076/2077,0,-0.1,0.6810809832760324,0.6024282770763711,0.3762218566422889,0.5,True,0.6205014288296657,"R2,R4,R5","{""SHAP_CD_Ratio"": {""state"": ""neutral"", ""label"": ""Stable"", ""membership"": 0.9945663150582718}, ""SHAP_Base_Rate"": {""state"": ""negative"", ""label"": ""Funding pressure easing"", ""membership"": 0.9987214468787976}, ""SHAP_Interest_Spread"": {""state"": ""negative"", ""label"": ""Margin compression"", ""membership"": 0.9915992590813527}, ""SHAP_CAR"": {""state"": ""neutral"", ""label"": ""Stable"", ""membership"": 0.984176083753787}, ""GP_mu"": {""state"": ""neutral"", ""label"": ""Flat outlook"", ""membership"": 0.8808412716454133}, ""GP_confidence"": {""state"": ""neutral"", ""label"": ""Moderate confidence"", ""membership"": 0.9998216997867061}}",SHAP_CAR,Capital cushion strengthening,0.6882824131215072,SHAP_Base_Rate,Funding pressure easing,0.9987214468787976,0.2655282256172745
EBL,2077/2078,0,0.12,0.5000000000000002,0.5,0.37358333207072486,0.5,True,0.9909716565616769,R4,"{""SHAP_CD_Ratio"": {""state"": ""neutral"", ""label"": ""Stable"", ""membership"": 0.9826433345810425}, ""SHAP_Base_Rate"": {""state"": ""neutral"", ""label"": ""Stable"", ""membership"": 0.95227243022753}, ""SHAP_Interest_Spread"": {""state"": ""negative"", ""label"": ""Margin compression"", ""membership"": 0.9995040670778303}, ""SHAP_CAR"": {""state"": ""negative"", ""label"": ""Capital pressure building"", ""membership"": 0.8718314066253521}, ""GP_mu"": {""state"": ""neutral"", ""label"": ""Flat outlook"", ""membership"": 0.6643507162493951}, ""GP_confidence"": {""state"": ""negative"", ""label"": ""Low confidence"", ""membership"": 0.9909716565616769}}",SHAP_Base_Rate,Funding pressure rising,0.09700977121066306,SHAP_Interest_Spread,Margin compression,0.9995040670778303,0.336898998341496
EBL,2078/2079,1,0.55,0.6934077299436816,0.6934077299436816,0.7053585177452221,0.7053585177452221,False,0.4401669012481021,"R1,R2,R3","{""SHAP_CD_Ratio"": {""state"": ""positive"", ""label"": ""Liquidity-pressure building"", ""membership"": 0.9986309499547326}, ""SHAP_Base_Rate"": {""state"": ""negative"", ""label"": ""Funding pressure easing"", ""membership"": 0.9944693920720906}, ""SHAP_Interest_Spread"": {""state"": ""negative"", ""label"": ""Margin compression"", ""membership"": 0.9857683291118681}, ""SHAP_CAR"": {""state"": ""positive"", ""label"": ""Capital cushion strengthening"", ""membership"": 0.865890780581436}, ""GP_mu"": {""state"": ""negative"", ""label"": ""Improving outlook"", ""membership"": 0.9991007729548509}, ""GP_confidence"": {""state"": ""neutral"", ""label"": ""Moderate confidence"", ""membership"": 0.9601333526715876}}",SHAP_CD_Ratio,Liquidity-pressure building,0.9986309499547326,SHAP_Base_Rate,Funding pressure easing,0.9944693920720906,0.2527534986577336
EBL,2079/2080,0,-0.08,0.4339790854519175,0.4339790854519175,0.6532408922018148,0.6532408922018148,False,0.12640230618063086,"R5,R6,R7","{""SHAP_CD_Ratio"": {""state"": ""neutral"", ""label"": ""Stable"", ""membership"": 0.9999997475859745}, ""SHAP_Base_Rate"": {""state"": ""positive"", ""label"": ""Funding pressure rising"", ""membership"": 0.5697466154496321}, ""SHAP_Interest_Spread"": {""state"": ""positive"", ""label"": ""Margin expansion"", ""membership"": 0.9743633988966637}, ""SHAP_CAR"": {""state"": ""negative"", ""label"": ""Capital pressure building"", ""membership"": 0.9424446377861376}, ""GP_mu"": {""state"": ""positive"", ""label"": ""Deteriorating outlook"", ""membership"": 0.7878073109681138}, ""GP_confidence"": {""state"": ""neutral"", ""label"": ""Moderate confidence"", ""membership"": 0.5834877209554507}}",SHAP_Interest_Spread,Margin expansion,0.9743633988966637,SHAP_CAR,Capital pressure building,0.9424446377861376,0.2276754143808229
EBL,2080/2081,0,-0.3299999999999999,0.7017881862483863,0.7017881862483863,0.37492281612299144,0.37492281612299144,False,5.156719944724565e-06,"R2,R5,R7","{""SHAP_CD_Ratio"": {""state"": ""neutral"", ""label"": ""Stable"", ""membership"": 0.9999997475859745}, ""SHAP_Base_Rate"": {""state"": ""negative"", ""label"": ""Funding pressure easing"", ""membership"": 0.9969658602330368}, ""SHAP_Interest_Spread"": {""state"": ""positive"", ""label"": ""Margin expansion"", ""membership"": 0.670566694780988}, ""SHAP_CAR"": {""state"": ""positive"", ""label"": ""Capital cushion strengthening"", ""membership"": 0.9734333232363436}, ""GP_mu"": {""state"": ""neutral"", ""label"": ""Flat outlook"", ""membership"": 0.9999810955975142}, ""GP_confidence"": {""state"": ""positive"", ""label"": ""High confidence"", ""membership"": 0.1998235604800609}}",SHAP_CAR,Capital cushion strengthening,0.9734333232363436,SHAP_Base_Rate,Funding pressure easing,0.9969658602330368,0.1481243790819548
EBL,2081/2082,0,0.36,0.596820786348216,0.5348645785555195,0.3686465451349946,0.5,True,0.9141515124341011,"R4,R7","{""SHAP_CD_Ratio"": {""state"": ""negative"", ""label"": ""Liquidity-pressure reducing"", ""membership"": 0.9792791780006412}, ""SHAP_Base_Rate"": {""state"": ""neutral"", ""label"": ""Stable"", ""membership"": 0.9998844994958321}, ""SHAP_Interest_Spread"": {""state"": ""neutral"", ""label"": ""Stable"", ""membership"": 0.9899614557727684}, ""SHAP_CAR"": {""state"": ""negative"", ""label"": ""Capital pressure building"", ""membership"": 0.9293119576735048}, ""GP_mu"": {""state"": ""neutral"", ""label"": ""Flat outlook"", ""membership"": 0.9507273878863262}, ""GP_confidence"": {""state"": ""negative"", ""label"": ""Low confidence"", ""membership"": 0.9141515124341011}}",SHAP_Interest_Spread,Margin expansion,0.19704577734439147,SHAP_CD_Ratio,Liquidity-pressure reducing,0.9792791780006412,0.2947651549924812
GBIME,2074/2075,0,-0.1399999999999999,0.6606535237701636,0.5483164110102763,0.5580602134570811,0.5580602134570811,True,0.9989297831186841,"R4,R5","{""SHAP_CD_Ratio"": {""state"": ""neutral"", ""label"": ""Stable"", ""membership"": 0.9844152279842566}, ""SHAP_Base_Rate"": {""state"": ""positive"", ""label"": ""Funding pressure rising"", ""membership"": 0.9965716811411759}, ""SHAP_Interest_Spread"": {""state"": ""negative"", ""label"": ""Margin compression"", ""membership"": 0.8678184614159457}, ""SHAP_CAR"": {""state"": ""neutral"", ""label"": ""Stable"", ""membership"": 0.9992549733026787}, ""GP_mu"": {""state"": ""positive"", ""label"": ""Deteriorating outlook"", ""membership"": 0.9061574618450746}, ""GP_confidence"": {""state"": ""negative"", ""label"": ""Low confidence"", ""membership"": 0.9989297831186841}}",SHAP_Base_Rate,Funding pressure rising,0.9965716811411759,SHAP_Interest_Spread,Margin compression,0.8678184614159457,0.3213273500756423
GBIME,2075/2076,1,1.26,0.661616728684114,0.661616728684114,0.5916607682155985,0.5916607682155985,False,0.05219745246065357,"R3,R5,R6","{""SHAP_CD_Ratio"": {""state"": ""negative"", ""label"": ""Liquidity-pressure reducing"", ""membership"": 0.9919556422693618}, ""SHAP_Base_Rate"": {""state"": ""positive"", ""label"": ""Funding pressure rising"", ""membership"": 0.5734902871300259}, ""SHAP_Interest_Spread"": {""state"": ""negative"", ""label"": ""Margin compression"", ""membership"": 0.9929968630992282}, ""SHAP_CAR"": {""state"": ""neutral"", ""label"": ""Stable"", ""membership"": 0.9999869846181673}, ""GP_mu"": {""state"": ""neutral"", ""label"": ""Flat outlook"", ""membership"": 0.9999982336896103}, ""GP_confidence"": {""state"": ""positive"", ""label"": ""High confidence"", ""membership"": 0.7772675466602855}}",SHAP_CAR,Capital cushion strengthening,0.7877007276433239,SHAP_Interest_Spread,Margin compression,0.9929968630992282,0.2171514060125182
GBIME,2076/2077,0,-0.3900000000000001,0.6542490475408617,0.6542490475408617,0.6033382826717298,0.6033382826717298,False,0.004216180220884287,"R2,R3,R5,R6,R7","{""SHAP_CD_Ratio"": {""state"": ""neutral"", ""label"": ""Stable"", ""membership"": 0.9998053598538064}, ""SHAP_Base_Rate"": {""state"": ""negative"", ""label"": ""Funding pressure easing"", ""membership"": 0.9926356261433745}, ""SHAP_Interest_Spread"": {""state"": ""neutral"", ""label"": ""Stable"", ""membership"": 0.999668368228084}, ""SHAP_CAR"": {""state"": ""neutral"", ""label"": ""Stable"", ""membership"": 0.9967092186608255}, ""GP_mu"": {""state"": ""neutral"", ""label"": ""Flat outlook"", ""membership"": 0.9999982336896103}, ""GP_confidence"": {""state"": ""positive"", ""label"": ""High confidence"", ""membership"": 0.9861173331698019}}",SHAP_CAR,Capital cushion strengthening,0.8329821315568979,SHAP_Base_Rate,Funding pressure easing,0.9926356261433745,0.1982394288494317
GBIME,2077/2078,0,-0.1999999999999999,0.5880766700821006,0.544635243623973,0.3682748491916316,0.5,True,0.7046040750248577,"R2,R4,R5","{""SHAP_CD_Ratio"": {""state"": ""negative"", ""label"": ""Liquidity-pressure reducing"", ""membership"": 0.997236422176417}, ""SHAP_Base_Rate"": {""state"": ""negative"", ""label"": ""Funding pressure easing"", ""membership"": 0.9994992716329208}, ""SHAP_Interest_Spread"": {""state"": ""negative"", ""label"": ""Margin compression"", ""membership"": 0.9968336748912544}, ""SHAP_CAR"": {""state"": ""negative"", ""label"": ""Capital pressure building"", ""membership"": 0.9917787611447891}, ""GP_mu"": {""state"": ""negative"", ""label"": ""Improving outlook"", ""membership"": 0.9993509145729385}, ""GP_confidence"": {""state"": ""neutral"", ""label"": ""Moderate confidence"", ""membership"": 0.987432117540161}}",SHAP_CAR,Capital cushion strengthening,0.13198540312564247,SHAP_Base_Rate,Funding pressure easing,0.9994992716329208,0.2721058968954221
GBIME,2078/2079,1,1.86,0.4974628846196652,0.4974628846196652,0.7053282672574466,0.7053282672574466,False,0.01996645557177145,"R1,R2,R3,R6,R8","{""SHAP_CD_Ratio"": {""state"": ""positive"", ""label"": ""Liquidity-pressure building"", ""membership"": 0.9999981785048089}, ""SHAP_Base_Rate"": {""state"": ""neutral"", ""label"": ""Stable"", ""membership"": 0.6897395022773276}, ""SHAP_Interest_Spread"": {""state"": ""negative"", ""label"": ""Margin compression"", ""membership"": 0.9827419641380524}, ""SHAP_CAR"": {""state"": ""neutral"", ""label"": ""Stable"", ""membership"": 0.9735099030998792}, ""GP_mu"": {""state"": ""neutral"", ""label"": ""Flat outlook"", ""membership"": 0.9940571741308429}, ""GP_confidence"": {""state"": ""positive"", ""label"": ""High confidence"", ""membership"": 0.9431144451371177}}",SHAP_CD_Ratio,Liquidity-pressure building,0.9999981785048089,SHAP_Interest_Spread,Margin compression,0.9827419641380524,0.2085884999000863
GBIME,2079/2080,1,1.29,0.35835187735833574,0.45696368542759475,0.6470927390568513,0.6470927390568513,True,0.994534970886203,"R4,R8","{""SHAP_CD_Ratio"": {""state"": ""neutral"", ""label"": ""Stable"", ""membership"": 0.5714871920870254}, ""SHAP_Base_Rate"": {""state"": ""positive"", ""label"": ""Funding pressure rising"", ""membership"": 0.994059841991851}, ""SHAP_Interest_Spread"": {""state"": ""negative"", ""label"": ""Margin compression"", ""membership"": 0.03215767197768321}, ""SHAP_CAR"": {""state"": ""negative"", ""label"": ""Capital pressure building"", ""membership"": 0.9999932310563939}, ""GP_mu"": {""state"": ""positive"", ""label"": ""Deteriorating outlook"", ""membership"": 0.9692635871106983}, ""GP_confidence"": {""state"": ""negative"", ""label"": ""Low confidence"", ""membership"": 0.994534970886203}}",SHAP_Base_Rate,Funding pressure rising,0.994059841991851,SHAP_CAR,Capital pressure building,0.9999932310563939,0.3167439127110941
GBIME,2080/2081,0,0.5,0.7026034856350484,0.590686886294119,0.3682748491916316,0.5,True,0.7891318142932773,"R2,R4,R5,R7","{""SHAP_CD_Ratio"": {""state"": ""negative"", ""label"": ""Liquidity-pressure reducing"", ""membership"": 0.9946119176405753}, ""SHAP_Base_Rate"": {""state"": ""negative"", ""label"": ""Funding pressure easing"", ""membership"": 0.9651893344366501}, ""SHAP_Interest_Spread"": {""state"": ""positive"", ""label"": ""Margin expansion"", ""membership"": 0.4379405355700827}, ""SHAP_CAR"": {""state"": ""neutral"", ""label"": ""Stable"", ""membership"": 0.9709844528452919}, ""GP_mu"": {""state"": ""negative"", ""label"": ""Improving outlook"", ""membership"": 0.9999719841836927}, ""GP_confidence"": {""state"": ""neutral"", ""label"": ""Moderate confidence"", ""membership"": 0.9537842794921328}}",SHAP_CAR,Capital cushion strengthening,0.9065053760921566,SHAP_CD_Ratio,Liquidity-pressure reducing,0.9946119176405753,0.2796421160140106
GBIME,2081/2082,0,0.1100000000000003,0.6312279559138856,0.6312279559138856,0.3682748491916316,0.3682748491916316,False,0.5611368133248288,R7,"{""SHAP_CD_Ratio"": {""state"": ""negative"", ""label"": ""Liquidity-pressure reducing"", ""membership"": 0.9802989501015141}, ""SHAP_Base_Rate"": {""state"": ""neutral"", ""label"": ""Stable"", ""membership"": 0.9999658976313328}, ""SHAP_Interest_Spread"": {""state"": ""neutral"", ""label"": ""Stable"", ""membership"": 0.8637436760772101}, ""SHAP_CAR"": {""state"": ""negative"", ""label"": ""Capital pressure building"", ""membership"": 0.9450596245417281}, ""GP_mu"": {""state"": ""neutral"", ""label"": ""Flat outlook"", ""membership"": 0.8391854733244785}, ""GP_confidence"": {""state"": ""negative"", ""label"": ""Low confidence"", ""membership"": 0.5611368133248288}}",SHAP_Interest_Spread,Margin expansion,0.37363533452199055,SHAP_CD_Ratio,Liquidity-pressure reducing,0.9802989501015141,0.4841722452961502
HBL,2074/2075,0,0.1400000000000001,0.4160669833510025,0.4160669833510025,0.7001002349982918,0.7001002349982918,False,0.0018780261960964393,"R5,R6","{""SHAP_CD_Ratio"": {""state"": ""neutral"", ""label"": ""Stable"", ""membership"": 0.9868194787803277}, ""SHAP_Base_Rate"": {""state"": ""positive"", ""label"": ""Funding pressure rising"", ""membership"": 0.5898314814688254}, ""SHAP_Interest_Spread"": {""state"": ""neutral"", ""label"": ""Stable"", ""membership"": 0.8580236205764544}, ""SHAP_CAR"": {""state"": ""neutral"", ""label"": ""Stable"", ""membership"": 0.9557224033091694}, ""GP_mu"": {""state"": ""positive"", ""label"": ""Deteriorating outlook"", ""membership"": 0.9272109181103718}, ""GP_confidence"": {""state"": ""positive"", ""label"": ""High confidence"", ""membership"": 0.9218887371741514}}",SHAP_CAR,Capital cushion strengthening,0.6145934253105856,SHAP_CD_Ratio,Liquidity-pressure reducing,0.6861090285461541,0.1939385004124303
HBL,2075/2076,0,-0.1100000000000001,0.6953444819135363,0.6953444819135363,0.3682987347238573,0.3682987347238573,False,0.15520775565036113,"R3,R5","{""SHAP_CD_Ratio"": {""state"": ""negative"", ""label"": ""Liquidity-pressure reducing"", ""membership"": 0.9999830985444532}, ""SHAP_Base_Rate"": {""state"": ""positive"", ""label"": ""Funding pressure rising"", ""membership"": 0.5734902871300259}, ""SHAP_Interest_Spread"": {""state"": ""negative"", ""label"": ""Margin compression"", ""membership"": 0.9929968630992282}, ""SHAP_CAR"": {""state"": ""neutral"", ""label"": ""Stable"", ""membership"": 0.9999869846181673}, ""GP_mu"": {""state"": ""negative"", ""label"": ""Improving outlook"", ""membership"": 0.9569343198651054}, ""GP_confidence"": {""state"": ""neutral"", ""label"": ""Moderate confidence"", ""membership"": 0.6462409110293582}}",SHAP_CAR,Capital cushion strengthening,0.7877007276433239,SHAP_CD_Ratio,Liquidity-pressure reducing,0.9999830985444532,0.2306882238399177
HBL,2076/2077,0,-0.53,0.7029017944048587,0.5811732803054863,0.3789553685700879,0.5,True,0.857054407995189,"R2,R4,R5","{""SHAP_CD_Ratio"": {""state"": ""neutral"", ""label"": ""Stable"", ""membership"": 0.9991004476199984}, ""SHAP_Base_Rate"": {""state"": ""negative"", ""label"": ""Funding pressure easing"", ""membership"": 0.9987214468787976}, ""SHAP_Interest_Spread"": {""state"": ""negative"", ""label"": ""Margin compression"", ""membership"": 0.9976399668384485}, ""SHAP_CAR"": {""state"": ""neutral"", ""label"": ""Stable"", ""membership"": 0.9614879895126737}, ""GP_mu"": {""state"": ""neutral"", ""label"": ""Flat outlook"", ""membership"": 0.8307225988174701}, ""GP_confidence"": {""state"": ""neutral"", ""label"": ""Moderate confidence"", ""membership"": 0.9075729329515247}}",SHAP_CAR,Capital cushion strengthening,0.9210786866556091,SHAP_Base_Rate,Funding pressure easing,0.9987214468787976,0.28693492938142
HBL,2077/2078,0,0.29,0.7053363861294608,0.6005391853597152,0.36832773283051845,0.5,True,0.72909769980822,"R2,R4,R5","{""SHAP_CD_Ratio"": {""state"": ""negative"", ""label"": ""Liquidity-pressure reducing"", ""membership"": 0.9972138594503595}, ""SHAP_Base_Rate"": {""state"": ""negative"", ""label"": ""Funding pressure easing"", ""membership"": 0.9632766954585545}, ""SHAP_Interest_Spread"": {""state"": ""negative"", ""label"": ""Margin compression"", ""membership"": 0.9974561038083745}, ""SHAP_CAR"": {""state"": ""positive"", ""label"": ""Capital cushion strengthening"", ""membership"": 0.9859375426527565}, ""GP_mu"": {""state"": ""negative"", ""label"": ""Improving outlook"", ""membership"": 0.9721441074889797}, ""GP_confidence"": {""state"": ""neutral"", ""label"": ""Moderate confidence"", ""membership"": 0.9800162598060825}}",SHAP_CAR,Capital cushion strengthening,0.9859375426527565,SHAP_Interest_Spread,Margin compression,0.9974561038083745,0.2741683769123741
HBL,2078/2079,1,3.8,0.4538593741936737,0.4538593741936737,0.6685933605496006,0.6685933605496006,False,0.46667750980591743,R1,"{""SHAP_CD_Ratio"": {""state"": ""positive"", ""label"": ""Liquidity-pressure building"", ""membership"": 0.9635241646951133}, ""SHAP_Base_Rate"": {""state"": ""positive"", ""label"": ""Funding pressure rising"", ""membership"": 0.7597567860427469}, ""SHAP_Interest_Spread"": {""state"": ""neutral"", ""label"": ""Stable"", ""membership"": 0.8011131145042989}, ""SHAP_CAR"": {""state"": ""positive"", ""label"": ""Capital cushion strengthening"", ""membership"": 0.9700933806925107}, ""GP_mu"": {""state"": ""neutral"", ""label"": ""Flat outlook"", ""membership"": 0.975406442662278}, ""GP_confidence"": {""state"": ""neutral"", ""label"": ""Moderate confidence"", ""membership"": 0.9719011017363952}}",SHAP_CAR,Capital cushion strengthening,0.9700933806925107,SHAP_Interest_Spread,Margin compression,0.5602116293402395,0.2545875904260612
HBL,2079/2080,0,0.3399999999999998,0.5600733137736983,0.5210261844844144,0.3682769226830935,0.5,True,0.9285589518257643,R4,"{""SHAP_CD_Ratio"": {""state"": ""positive"", ""label"": ""Liquidity-pressure building"", ""membership"": 0.007553886201392381}, ""SHAP_Base_Rate"": {""state"": ""neutral"", ""label"": ""Stable"", ""membership"": 0.7333762327714541}, ""SHAP_Interest_Spread"": {""state"": ""negative"", ""label"": ""Margin compression"", ""membership"": 0.04762542939881503}, ""SHAP_CAR"": {""state"": ""negative"", ""label"": ""Capital pressure building"", ""membership"": 0.994600495998828}, ""GP_mu"": {""state"": ""positive"", ""label"": ""Deteriorating outlook"", ""membership"": 0.5577223082405376}, ""GP_confidence"": {""state"": ""negative"", ""label"": ""Low confidence"", ""membership"": 0.9285589518257643}}",SHAP_Base_Rate,Funding pressure rising,0.24169106235656998,SHAP_CAR,Capital pressure building,0.994600495998828,0.3627255011896853
HBL,2080/2081,1,2.37,0.6652036239549429,0.5936264179095881,0.5503225439017989,0.5503225439017989,True,0.6189522302564755,"R2,R4,R5,R7","{""SHAP_CD_Ratio"": {""state"": ""neutral"", ""label"": ""Stable"", ""membership"": 0.9734633481540947}, ""SHAP_Base_Rate"": {""state"": ""neutral"", ""label"": ""Stable"", ""membership"": 0.8115897161819832}, ""SHAP_Interest_Spread"": {""state"": ""positive"", ""label"": ""Margin expansion"", ""membership"": 0.5070217552288914}, ""SHAP_CAR"": {""state"": ""neutral"", ""label"": ""Stable"", ""membership"": 0.9657145490427582}, ""GP_mu"": {""state"": ""neutral"", ""label"": ""Flat outlook"", ""membership"": 0.725584742791041}, ""GP_confidence"": {""state"": ""neutral"", ""label"": ""Moderate confidence"", ""membership"": 0.999866685999211}}",SHAP_CAR,Capital cushion strengthening,0.9149612844763195,SHAP_CD_Ratio,Liquidity-pressure reducing,0.6446694953064315,0.265412689034253
HBL,2081/2082,0,0.1099999999999994,0.6150172865525987,0.6150172865525987,0.6261463018566056,0.6261463018566056,False,0.5445062230040081,"R1,R2,R5,R7,R8","{""SHAP_CD_Ratio"": {""state"": ""neutral"", ""label"": ""Stable"", ""membership"": 0.6767957362581364}, ""SHAP_Base_Rate"": {""state"": ""negative"", ""label"": ""Funding pressure easing"", ""membership"": 0.8816729864004498}, ""SHAP_Interest_Spread"": {""state"": ""neutral"", ""label"": ""Stable"", ""membership"": 0.9995026069444649}, ""SHAP_CAR"": {""state"": ""neutral"", ""label"": ""Stable"", ""membership"": 0.970249287402526}, ""GP_mu"": {""state"": ""positive"", ""label"": ""Deteriorating outlook"", ""membership"": 0.6915548096208349}, ""GP_confidence"": {""state"": ""negative"", ""label"": ""Low confidence"", ""membership"": 0.5445062230040081}}",SHAP_CAR,Capital cushion strengthening,0.6479990062966984,SHAP_Interest_Spread,Margin compression,0.9068991772111383,0.5248755684591496
NABIL,2074/2075,0,0.1899999999999999,0.6745459652349849,0.6745459652349849,0.5522259395503973,0.5522259395503973,False,0.27655488396532846,"R2,R3,R5","{""SHAP_CD_Ratio"": {""state"": ""neutral"", ""label"": ""Stable"", ""membership"": 0.9984030385630543}, ""SHAP_Base_Rate"": {""state"": ""negative"", ""label"": ""Funding pressure easing"", ""membership"": 0.9923138119634983}, ""SHAP_Interest_Spread"": {""state"": ""negative"", ""label"": ""Margin compression"", ""membership"": 0.9959443831643053}, ""SHAP_CAR"": {""state"": ""neutral"", ""label"": ""Stable"", ""membership"": 0.9641932496012852}, ""GP_mu"": {""state"": ""neutral"", ""label"": ""Flat outlook"", ""membership"": 0.8256365031021674}, ""GP_confidence"": {""state"": ""neutral"", ""label"": ""Moderate confidence"", ""membership"": 0.8315010736346349}}",SHAP_CAR,Capital cushion strengthening,0.6333226644444451,SHAP_Interest_Spread,Margin compression,0.9959443831643053,0.2410459299593353
NABIL,2075/2076,0,0.2299999999999999,0.696585521539008,0.696585521539008,0.37002833106228183,0.37002833106228183,False,0.007692477965969109,"R2,R3,R5","{""SHAP_CD_Ratio"": {""state"": ""negative"", ""label"": ""Liquidity-pressure reducing"", ""membership"": 0.9425340598628332}, ""SHAP_Base_Rate"": {""state"": ""negative"", ""label"": ""Funding pressure easing"", ""membership"": 0.9992501335154638}, ""SHAP_Interest_Spread"": {""state"": ""negative"", ""label"": ""Margin compression"", ""membership"": 0.9929968630992282}, ""SHAP_CAR"": {""state"": ""neutral"", ""label"": ""Stable"", ""membership"": 0.9998232809928457}, ""GP_mu"": {""state"": ""negative"", ""label"": ""Improving outlook"", ""membership"": 0.804188992440868}, ""GP_confidence"": {""state"": ""positive"", ""label"": ""High confidence"", ""membership"": 0.9998020165792745}}",SHAP_CAR,Capital cushion strengthening,0.7802080651860674,SHAP_Base_Rate,Funding pressure easing,0.9992501335154638,0.2018589406478374
NABIL,2076/2077,0,-0.1899999999999999,0.6964682293698936,0.5930931555277015,0.3779337744838019,0.5,True,0.7516669610707413,"R2,R4,R5","{""SHAP_CD_Ratio"": {""state"": ""neutral"", ""label"": ""Stable"", ""membership"": 0.9978950378024765}, ""SHAP_Base_Rate"": {""state"": ""negative"", ""label"": ""Funding pressure easing"", ""membership"": 0.9999977041217775}, ""SHAP_Interest_Spread"": {""state"": ""negative"", ""label"": ""Margin compression"", ""membership"": 0.9976399668384485}, ""SHAP_CAR"": {""state"": ""neutral"", ""label"": ""Stable"", ""membership"": 0.9973237451703422}, ""GP_mu"": {""state"": ""neutral"", ""label"": ""Flat outlook"", ""membership"": 0.8260333703510377}, ""GP_confidence"": {""state"": ""neutral"", ""label"": ""Moderate confidence"", ""membership"": 0.9715520506452046}}",SHAP_CAR,Capital cushion strengthening,0.8289448800648307,SHAP_Base_Rate,Funding pressure easing,0.9999977041217775,0.2761480563974207
NABIL,2077/2078,1,0.76,0.5996870051600965,0.5996870051600965,0.5741956664416558,0.5741956664416558,False,0.08912039518729595,"R3,R5,R7","{""SHAP_CD_Ratio"": {""state"": ""negative"", ""label"": ""Liquidity-pressure reducing"", ""membership"": 0.9974274986154982}, ""SHAP_Base_Rate"": {""state"": ""negative"", ""label"": ""Funding pressure easing"", ""membership"": 0.95112165945617}, ""SHAP_Interest_Spread"": {""state"": ""neutral"", ""label"": ""Stable"", ""membership"": 0.9999896686575647}, ""SHAP_CAR"": {""state"": ""negative"", ""label"": ""Capital pressure building"", ""membership"": 0.9708216530867958}, ""GP_mu"": {""state"": ""neutral"", ""label"": ""Flat outlook"", ""membership"": 0.9957683374117614}, ""GP_confidence"": {""state"": ""positive"", ""label"": ""High confidence"", ""membership"": 0.6422646670725376}}",SHAP_Interest_Spread,Margin expansion,0.15234420291019743,SHAP_CD_Ratio,Liquidity-pressure reducing,0.9974274986154982,0.2231071256027424
NABIL,2078/2079,1,1.66,0.42326229812884847,0.42326229812884847,0.7054907837083663,0.7054907837083663,False,0.10159292610811145,"R1,R2,R3,R8","{""SHAP_CD_Ratio"": {""state"": ""positive"", ""label"": ""Liquidity-pressure building"", ""membership"": 0.9939722569361585}, ""SHAP_Base_Rate"": {""state"": ""negative"", ""label"": ""Funding pressure easing"", ""membership"": 0.9940531096017425}, ""SHAP_Interest_Spread"": {""state"": ""negative"", ""label"": ""Margin compression"", ""membership"": 0.999817282516946}, ""SHAP_CAR"": {""state"": ""negative"", ""label"": ""Capital pressure building"", ""membership"": 0.9864915142234836}, ""GP_mu"": {""state"": ""negative"", ""label"": ""Improving outlook"", ""membership"": 0.8001026590399724}, ""GP_confidence"": {""state"": ""positive"", ""label"": ""High confidence"", ""membership"": 0.6056748216170956}}",SHAP_CD_Ratio,Liquidity-pressure building,0.9939722569361585,SHAP_Interest_Spread,Margin compression,0.999817282516946,0.2247459075764726
NABIL,2079/2080,1,0.6499999999999999,0.5826861718953092,0.5248500397046152,0.3682748491916316,0.5,True,0.9992365602717302,"R2,R4","{""SHAP_CD_Ratio"": {""state"": ""positive"", ""label"": ""Liquidity-pressure building"", ""membership"": 0.004110474994414611}, ""SHAP_Base_Rate"": {""state"": ""positive"", ""label"": ""Funding pressure rising"", ""membership"": 0.5610875290621912}, ""SHAP_Interest_Spread"": {""state"": ""negative"", ""label"": ""Margin compression"", ""membership"": 0.06247532608843609}, ""SHAP_CAR"": {""state"": ""positive"", ""label"": ""Capital cushion strengthening"", ""membership"": 0.994020444576406}, ""GP_mu"": {""state"": ""positive"", ""label"": ""Deteriorating outlook"", ""membership"": 0.0026095793946650527}, ""GP_confidence"": {""state"": ""negative"", ""label"": ""Low confidence"", ""membership"": 0.9992365602717302}}",SHAP_CAR,Capital cushion strengthening,0.994020444576406,SHAP_CAR,Capital pressure building,0.13709729238078527,0.3283980125955171
NABIL,2080/2081,0,-2.9000000000000004,0.6269956040082851,0.6269956040082851,0.6203775751963273,0.6203775751963273,False,0.29699536841202867,"R2,R6,R7","{""SHAP_CD_Ratio"": {""state"": ""positive"", ""label"": ""Liquidity-pressure building"", ""membership"": 0.09632720926130417}, ""SHAP_Base_Rate"": {""state"": ""neutral"", ""label"": ""Stable"", ""membership"": 0.999806273248189}, ""SHAP_Interest_Spread"": {""state"": ""positive"", ""label"": ""Margin expansion"", ""membership"": 0.6695795741523379}, ""SHAP_CAR"": {""state"": ""positive"", ""label"": ""Capital cushion strengthening"", ""membership"": 0.9542003433694889}, ""GP_mu"": {""state"": ""positive"", ""label"": ""Deteriorating outlook"", ""membership"": 0.8584796840738846}, ""GP_confidence"": {""state"": ""neutral"", ""label"": ""Moderate confidence"", ""membership"": 0.853732901255007}}",SHAP_CAR,Capital cushion strengthening,0.9542003433694889,SHAP_Base_Rate,Funding pressure easing,0.8108827690418414,0.2425873474109144
NABIL,2081/2082,0,0.02,0.5882277115860014,0.529552586438594,0.685170415402998,0.685170415402998,True,0.9500598604071535,"R1,R2,R4,R7,R8","{""SHAP_CD_Ratio"": {""state"": ""positive"", ""label"": ""Liquidity-pressure building"", ""membership"": 0.7454968872177757}, ""SHAP_Base_Rate"": {""state"": ""negative"", ""label"": ""Funding pressure easing"", ""membership"": 0.949326373843889}, ""SHAP_Interest_Spread"": {""state"": ""neutral"", ""label"": ""Stable"", ""membership"": 0.9999748801736278}, ""SHAP_CAR"": {""state"": ""neutral"", ""label"": ""Stable"", ""membership"": 0.9999869846181673}, ""GP_mu"": {""state"": ""neutral"", ""label"": ""Flat outlook"", ""membership"": 0.8983710079392924}, ""GP_confidence"": {""state"": ""negative"", ""label"": ""Low confidence"", ""membership"": 0.9500598604071535}}",SHAP_CAR,Capital cushion strengthening,0.7932319505486118,SHAP_Base_Rate,Funding pressure easing,0.949326373843889,0.3013943818441916
NICA,2074/2075,0,0.4,0.6618835961259857,0.5647572161708991,0.5677138475630464,0.5677138475630464,True,0.8571095199567095,"R4,R5","{""SHAP_CD_Ratio"": {""state"": ""neutral"", ""label"": ""Stable"", ""membership"": 0.9772150764928721}, ""SHAP_Base_Rate"": {""state"": ""positive"", ""label"": ""Funding pressure rising"", ""membership"": 0.9999467782375722}, ""SHAP_Interest_Spread"": {""state"": ""negative"", ""label"": ""Margin compression"", ""membership"": 0.9992084587187687}, ""SHAP_CAR"": {""state"": ""neutral"", ""label"": ""Stable"", ""membership"": 0.9993937751608922}, ""GP_mu"": {""state"": ""positive"", ""label"": ""Deteriorating outlook"", ""membership"": 0.9591672221280532}, ""GP_confidence"": {""state"": ""negative"", ""label"": ""Low confidence"", ""membership"": 0.8571095199567095}}",SHAP_Base_Rate,Funding pressure rising,0.9999467782375722,SHAP_Interest_Spread,Margin compression,0.9992084587187687,0.384120019185753
NICA,2075/2076,0,0.29,0.6933376692512626,0.6004061800590105,0.3683038160825914,0.5,True,0.6866704806610208,"R4,R5","{""SHAP_CD_Ratio"": {""state"": ""negative"", ""label"": ""Liquidity-pressure reducing"", ""membership"": 0.9997725146303307}, ""SHAP_Base_Rate"": {""state"": ""positive"", ""label"": ""Funding pressure rising"", ""membership"": 0.5734902871300259}, ""SHAP_Interest_Spread"": {""state"": ""negative"", ""label"": ""Margin compression"", ""membership"": 0.9929968630992282}, ""SHAP_CAR"": {""state"": ""neutral"", ""label"": ""Stable"", ""membership"": 0.9988913213045817}, ""GP_mu"": {""state"": ""neutral"", ""label"": ""Flat outlook"", ""membership"": 0.9717664121947266}, ""GP_confidence"": {""state"": ""neutral"", ""label"": ""Moderate confidence"", ""membership"": 0.9917419074210304}}",SHAP_CAR,Capital cushion strengthening,0.7644989425294606,SHAP_CD_Ratio,Liquidity-pressure reducing,0.9997725146303307,0.270644339859945
NICA,2076/2077,0,-0.29,0.6393889875265193,0.6393889875265193,0.5996704662784939,0.5996704662784939,False,0.11493010939619408,"R2,R3,R5,R6,R7","{""SHAP_CD_Ratio"": {""state"": ""neutral"", ""label"": ""Stable"", ""membership"": 0.9992857821508841}, ""SHAP_Base_Rate"": {""state"": ""negative"", ""label"": ""Funding pressure easing"", ""membership"": 0.9993575432304844}, ""SHAP_Interest_Spread"": {""state"": ""neutral"", ""label"": ""Stable"", ""membership"": 0.9999580320281132}, ""SHAP_CAR"": {""state"": ""neutral"", ""label"": ""Stable"", ""membership"": 0.9786719320607051}, ""GP_mu"": {""state"": ""neutral"", ""label"": ""Flat outlook"", ""membership"": 0.962376235374899}, ""GP_confidence"": {""state"": ""positive"", ""label"": ""High confidence"", ""membership"": 0.5702489566136053}}",SHAP_CAR,Capital cushion strengthening,0.6709382353477239,SHAP_Base_Rate,Funding pressure easing,0.9993575432304844,0.2263675568101008
NICA,2077/2078,0,0.0299999999999999,0.5823588406655071,0.5466750089081368,0.3682748491916316,0.5,True,0.6189609044834296,"R4,R7","{""SHAP_CD_Ratio"": {""state"": ""negative"", ""label"": ""Liquidity-pressure reducing"", ""membership"": 0.9957897501855495}, ""SHAP_Base_Rate"": {""state"": ""negative"", ""label"": ""Funding pressure easing"", ""membership"": 0.9980182054339094}, ""SHAP_Interest_Spread"": {""state"": ""neutral"", ""label"": ""Stable"", ""membership"": 0.9921206732039531}, ""SHAP_CAR"": {""state"": ""negative"", ""label"": ""Capital pressure building"", ""membership"": 0.8815287824875814}, ""GP_mu"": {""state"": ""negative"", ""label"": ""Improving outlook"", ""membership"": 0.9646846996995057}, ""GP_confidence"": {""state"": ""neutral"", ""label"": ""Moderate confidence"", ""membership"": 0.9998664522978525}}",SHAP_Interest_Spread,Margin expansion,0.11731083842660266,SHAP_Base_Rate,Funding pressure easing,0.9980182054339094,0.2654133354880424
NICA,2078/2079,0,0.31,0.33423064624701126,0.33423064624701126,0.7054534281941959,0.7054534281941959,False,0.00034748926984733044,"R1,R3,R6,R8","{""SHAP_CD_Ratio"": {""state"": ""positive"", ""label"": ""Liquidity-pressure building"", ""membership"": 0.9932092838950282}, ""SHAP_Base_Rate"": {""state"": ""neutral"", ""label"": ""Stable"", ""membership"": 0.8184973431326927}, ""SHAP_Interest_Spread"": {""state"": ""negative"", ""label"": ""Margin compression"", ""membership"": 0.8772958164383037}, ""SHAP_CAR"": {""state"": ""negative"", ""label"": ""Capital pressure building"", ""membership"": 0.9974184599919029}, ""GP_mu"": {""state"": ""neutral"", ""label"": ""Flat outlook"", ""membership"": 0.931330954679243}, ""GP_confidence"": {""state"": ""positive"", ""label"": ""High confidence"", ""membership"": 0.6961030923640582}}",SHAP_CD_Ratio,Liquidity-pressure building,0.9932092838950282,SHAP_CAR,Capital pressure building,0.9974184599919029,0.1864950161715876
NICA,2079/2080,1,0.94,0.3529570767115895,0.3529570767115895,0.6514342385519699,0.6514342385519699,False,0.3640578240264325,"R6,R8","{""SHAP_CD_Ratio"": {""state"": ""neutral"", ""label"": ""Stable"", ""membership"": 0.5405784924542274}, ""SHAP_Base_Rate"": {""state"": ""positive"", ""label"": ""Funding pressure rising"", ""membership"": 0.5342151522640401}, ""SHAP_Interest_Spread"": {""state"": ""positive"", ""label"": ""Margin expansion"", ""membership"": 0.9867227723593254}, ""SHAP_CAR"": {""state"": ""negative"", ""label"": ""Capital pressure building"", ""membership"": 0.999999789201757}, ""GP_mu"": {""state"": ""positive"", ""label"": ""Deteriorating outlook"", ""membership"": 0.731114848973203}, ""GP_confidence"": {""state"": ""neutral"", ""label"": ""Moderate confidence"", ""membership"": 0.9133613114385689}}",SHAP_Interest_Spread,Margin expansion,0.9867227723593254,SHAP_CAR,Capital pressure building,0.999999789201757,0.2474437682765373
NICA,2080/2081,0,0.1300000000000001,0.7049017943174233,0.5634182558945853,0.3682748491916316,0.5,True,0.9864205497924603,"R2,R4,R5,R7","{""SHAP_CD_Ratio"": {""state"": ""negative"", ""label"": ""Liquidity-pressure reducing"", ""membership"": 0.9777669092343212}, ""SHAP_Base_Rate"": {""state"": ""neutral"", ""label"": ""Stable"", ""membership"": 0.8092411716457879}, ""SHAP_Interest_Spread"": {""state"": ""positive"", ""label"": ""Margin expansion"", ""membership"": 0.4676170713022445}, ""SHAP_CAR"": {""state"": ""positive"", ""label"": ""Capital cushion strengthening"", ""membership"": 0.9856792393665419}, ""GP_mu"": {""state"": ""negative"", ""label"": ""Improving outlook"", ""membership"": 0.8782212947887327}, ""GP_confidence"": {""state"": ""negative"", ""label"": ""Low confidence"", ""membership"": 0.9864205497924603}}",SHAP_CAR,Capital cushion strengthening,0.9856792393665419,SHAP_CD_Ratio,Liquidity-pressure reducing,0.9777669092343212,0.3121848702751549
NICA,2081/2082,1,2.37,0.6009482419246605,0.5302861532258886,0.3682748491916316,0.5,True,0.9999762162632145,"R2,R4,R5,R7","{""SHAP_CD_Ratio"": {""state"": ""negative"", ""label"": ""Liquidity-pressure reducing"", ""membership"": 0.9298750493062333}, ""SHAP_Base_Rate"": {""state"": ""negative"", ""label"": ""Funding pressure easing"", ""membership"": 0.9513463209531215}, ""SHAP_Interest_Spread"": {""state"": ""neutral"", ""label"": ""Stable"", ""membership"": 0.9958683797327191}, ""SHAP_CAR"": {""state"": ""negative"", ""label"": ""Capital pressure building"", ""membership"": 0.986666564120174}, ""GP_mu"": {""state"": ""negative"", ""label"": ""Improving outlook"", ""membership"": 0.0061043808601158244}, ""GP_confidence"": {""state"": ""negative"", ""label"": ""Low confidence"", ""membership"": 0.9999762162632145}}",SHAP_Interest_Spread,Margin expansion,0.1794886302195026,SHAP_CAR,Capital pressure building,0.986666564120174,0.3245320717599271
NMB,2074/2075,0,-0.06,0.6779835255069518,0.5552207836088379,0.568386035818053,0.568386035818053,True,0.9853459474364911,"R4,R5","{""SHAP_CD_Ratio"": {""state"": ""neutral"", ""label"": ""Stable"", ""membership"": 0.9647064094006642}, ""SHAP_Base_Rate"": {""state"": ""positive"", ""label"": ""Funding pressure rising"", ""membership"": 0.9982924041968357}, ""SHAP_Interest_Spread"": {""state"": ""negative"", ""label"": ""Margin compression"", ""membership"": 0.9024284613381771}, ""SHAP_CAR"": {""state"": ""positive"", ""label"": ""Capital cushion strengthening"", ""membership"": 0.9980452693499582}, ""GP_mu"": {""state"": ""positive"", ""label"": ""Deteriorating outlook"", ""membership"": 0.9864779300425787}, ""GP_confidence"": {""state"": ""negative"", ""label"": ""Low confidence"", ""membership"": 0.9853459474364911}}",SHAP_Base_Rate,Funding pressure rising,0.9982924041968357,SHAP_Interest_Spread,Margin compression,0.9024284613381771,0.3117105955905461
NMB,2075/2076,1,1.8600000000000003,0.6983683405330197,0.6983683405330197,0.3724771388952194,0.3724771388952194,False,0.0016207482284943818,"R3,R5","{""SHAP_CD_Ratio"": {""state"": ""negative"", ""label"": ""Liquidity-pressure reducing"", ""membership"": 0.9865665445825907}, ""SHAP_Base_Rate"": {""state"": ""positive"", ""label"": ""Funding pressure rising"", ""membership"": 0.5768509392437028}, ""SHAP_Interest_Spread"": {""state"": ""neutral"", ""label"": ""Stable"", ""membership"": 0.9106628742819278}, ""SHAP_CAR"": {""state"": ""neutral"", ""label"": ""Stable"", ""membership"": 0.9863500637270002}, ""GP_mu"": {""state"": ""negative"", ""label"": ""Improving outlook"", ""membership"": 0.876677784298974}, ""GP_confidence"": {""state"": ""positive"", ""label"": ""High confidence"", ""membership"": 0.9058713357311398}}",SHAP_CAR,Capital cushion strengthening,0.8735623314134702,SHAP_CD_Ratio,Liquidity-pressure reducing,0.9865665445825907,0.1932138516341441
NMB,2076/2077,0,-0.4100000000000001,0.6429202685478159,0.6429202685478159,0.5956544799181355,0.5956544799181355,False,0.14548868340679247,"R3,R5,R6","{""SHAP_CD_Ratio"": {""state"": ""neutral"", ""label"": ""Stable"", ""membership"": 0.991845708536269}, ""SHAP_Base_Rate"": {""state"": ""positive"", ""label"": ""Funding pressure rising"", ""membership"": 0.7258080992002248}, ""SHAP_Interest_Spread"": {""state"": ""neutral"", ""label"": ""Stable"", ""membership"": 0.9468374293676377}, ""SHAP_CAR"": {""state"": ""neutral"", ""label"": ""Stable"", ""membership"": 0.9458835056204343}, ""GP_mu"": {""state"": ""neutral"", ""label"": ""Flat outlook"", ""membership"": 0.9531456761519373}, ""GP_confidence"": {""state"": ""neutral"", ""label"": ""Moderate confidence"", ""membership"": 0.626145855682488}}",SHAP_CAR,Capital cushion strengthening,0.9398704030319548,SHAP_Interest_Spread,Margin compression,0.7598708789750139,0.2297090709139894
NMB,2077/2078,0,-0.94,0.5611186945435953,0.5611186945435953,0.36848683468207083,0.36848683468207083,False,0.599145907782388,,"{""SHAP_CD_Ratio"": {""state"": ""negative"", ""label"": ""Liquidity-pressure reducing"", ""membership"": 0.9902003048757388}, ""SHAP_Base_Rate"": {""state"": ""negative"", ""label"": ""Funding pressure easing"", ""membership"": 0.4826335257342036}, ""SHAP_Interest_Spread"": {""state"": ""negative"", ""label"": ""Margin compression"", ""membership"": 0.9999943093324503}, ""SHAP_CAR"": {""state"": ""positive"", ""label"": ""Capital cushion strengthening"", ""membership"": 0.06559851281559759}, ""GP_mu"": {""state"": ""negative"", ""label"": ""Improving outlook"", ""membership"": 0.7018695487801287}, ""GP_confidence"": {""state"": ""neutral"", ""label"": ""Moderate confidence"", ""membership"": 0.999866685999211}}",SHAP_CAR,Capital cushion strengthening,0.06559851281559759,SHAP_Interest_Spread,Margin compression,0.9999943093324503,0.2639492718450575
NMB,2078/2079,1,1.39,0.4098825156131719,0.4098825156131719,0.7054837623291711,0.7054837623291711,False,0.1218869027397975,"R1,R2,R3,R8","{""SHAP_CD_Ratio"": {""state"": ""positive"", ""label"": ""Liquidity-pressure building"", ""membership"": 0.994235227432978}, ""SHAP_Base_Rate"": {""state"": ""neutral"", ""label"": ""Stable"", ""membership"": 0.8362977365420912}, ""SHAP_Interest_Spread"": {""state"": ""negative"", ""label"": ""Margin compression"", ""membership"": 0.998873901804075}, ""SHAP_CAR"": {""state"": ""negative"", ""label"": ""Capital pressure building"", ""membership"": 0.9564451792171446}, ""GP_mu"": {""state"": ""neutral"", ""label"": ""Flat outlook"", ""membership"": 0.8482385362673255}, ""GP_confidence"": {""state"": ""neutral"", ""label"": ""Moderate confidence"", ""membership"": 0.5727106750681786}}",SHAP_CD_Ratio,Liquidity-pressure building,0.994235227432978,SHAP_Interest_Spread,Margin compression,0.998873901804075,0.2271692323653594
NMB,2079/2080,1,0.5499999999999998,0.5588846336228135,0.5187021753569026,0.5653242077645622,0.5653242077645622,True,0.9748470573179318,"R4,R5","{""SHAP_CD_Ratio"": {""state"": ""neutral"", ""label"": ""Stable"", ""membership"": 0.48846189738058865}, ""SHAP_Base_Rate"": {""state"": ""positive"", ""label"": ""Funding pressure rising"", ""membership"": 0.9795780072608339}, ""SHAP_Interest_Spread"": {""state"": ""positive"", ""label"": ""Margin expansion"", ""membership"": 0.9978478133621259}, ""SHAP_CAR"": {""state"": ""positive"", ""label"": ""Capital cushion strengthening"", ""membership"": 0.9999390683177812}, ""GP_mu"": {""state"": ""positive"", ""label"": ""Deteriorating outlook"", ""membership"": 0.9710264190956541}, ""GP_confidence"": {""state"": ""negative"", ""label"": ""Low confidence"", ""membership"": 0.9748470573179318}}",SHAP_CAR,Capital cushion strengthening,0.9999390683177812,SHAP_CAR,Capital pressure building,0.17308182615614737,0.3078395010607208
NMB,2080/2081,0,0.4500000000000002,0.6298065339508602,0.6298065339508602,0.5920932915426996,0.5920932915426996,False,0.4209820075361237,"R2,R6,R7,R8","{""SHAP_CD_Ratio"": {""state"": ""positive"", ""label"": ""Liquidity-pressure building"", ""membership"": 0.1513014967224423}, ""SHAP_Base_Rate"": {""state"": ""neutral"", ""label"": ""Stable"", ""membership"": 0.9999658976313328}, ""SHAP_Interest_Spread"": {""state"": ""positive"", ""label"": ""Margin expansion"", ""membership"": 0.687275188542105}, ""SHAP_CAR"": {""state"": ""negative"", ""label"": ""Capital pressure building"", ""membership"": 0.9464485259880419}, ""GP_mu"": {""state"": ""positive"", ""label"": ""Deteriorating outlook"", ""membership"": 0.7391757832847009}, ""GP_confidence"": {""state"": ""neutral"", ""label"": ""Moderate confidence"", ""membership"": 0.9502182185225603}}",SHAP_Interest_Spread,Margin expansion,0.687275188542105,SHAP_CAR,Capital pressure building,0.9464485259880419,0.2514246135923386
NMB,2081/2082,1,0.8599999999999999,0.6063903125811649,0.5558521208354079,0.6753601473002848,0.6753601473002848,True,0.6786089356074946,"R1,R2,R4,R7,R8","{""SHAP_CD_Ratio"": {""state"": ""positive"", ""label"": ""Liquidity-pressure building"", ""membership"": 0.7042631428232827}, ""SHAP_Base_Rate"": {""state"": ""negative"", ""label"": ""Funding pressure easing"", ""membership"": 0.9998533487656138}, ""SHAP_Interest_Spread"": {""state"": ""neutral"", ""label"": ""Stable"", ""membership"": 0.9858798403456643}, ""SHAP_CAR"": {""state"": ""neutral"", ""label"": ""Stable"", ""membership"": 0.9991398829918041}, ""GP_mu"": {""state"": ""negative"", ""label"": ""Improving outlook"", ""membership"": 0.9998444011895391}, ""GP_confidence"": {""state"": ""negative"", ""label"": ""Low confidence"", ""membership"": 0.6786089356074946}}",SHAP_CAR,Capital cushion strengthening,0.8125825349974903,SHAP_Base_Rate,Funding pressure easing,0.9998533487656138,0.4383023032175609
PCBL,2074/2075,0,0.26,0.648614105081813,0.5793736884618583,0.5659616364411687,0.5659616364411687,True,0.6655820511195514,"R4,R5","{""SHAP_CD_Ratio"": {""state"": ""neutral"", ""label"": ""Stable"", ""membership"": 0.9766598629349678}, ""SHAP_Base_Rate"": {""state"": ""positive"", ""label"": ""Funding pressure rising"", ""membership"": 0.9982924041968357}, ""SHAP_Interest_Spread"": {""state"": ""neutral"", ""label"": ""Stable"", ""membership"": 0.8580236205764544}, ""SHAP_CAR"": {""state"": ""neutral"", ""label"": ""Stable"", ""membership"": 0.9993937751608922}, ""GP_mu"": {""state"": ""positive"", ""label"": ""Deteriorating outlook"", ""membership"": 0.9983152979232591}, ""GP_confidence"": {""state"": ""neutral"", ""label"": ""Moderate confidence"", ""membership"": 0.9956362030683014}}",SHAP_Base_Rate,Funding pressure rising,0.9982924041968357,SHAP_CD_Ratio,Liquidity-pressure reducing,0.6534764261334982,0.2689708541570068
PCBL,2075/2076,1,0.62,0.6516349296040845,0.6516349296040845,0.601335393775265,0.601335393775265,False,0.0005498064392679222,"R3,R5,R6","{""SHAP_CD_Ratio"": {""state"": ""negative"", ""label"": ""Liquidity-pressure reducing"", ""membership"": 0.9888737035205185}, ""SHAP_Base_Rate"": {""state"": ""positive"", ""label"": ""Funding pressure rising"", ""membership"": 0.5734902871300259}, ""SHAP_Interest_Spread"": {""state"": ""neutral"", ""label"": ""Stable"", ""membership"": 0.9560392450409136}, ""SHAP_CAR"": {""state"": ""neutral"", ""label"": ""Stable"", ""membership"": 0.9999869846181673}, ""GP_mu"": {""state"": ""neutral"", ""label"": ""Flat outlook"", ""membership"": 0.9928828547742776}, ""GP_confidence"": {""state"": ""positive"", ""label"": ""High confidence"", ""membership"": 0.7635640764684812}}",SHAP_CAR,Capital cushion strengthening,0.7877007276433239,SHAP_CD_Ratio,Liquidity-pressure reducing,0.9888737035205185,0.1883511263510633
PCBL,2076/2077,0,-0.3500000000000001,0.6435999371697882,0.6435999371697882,0.5795283727881145,0.5795283727881145,False,0.0003310070058112135,"R3,R5,R6","{""SHAP_CD_Ratio"": {""state"": ""neutral"", ""label"": ""Stable"", ""membership"": 0.9981509041862865}, ""SHAP_Base_Rate"": {""state"": ""positive"", ""label"": ""Funding pressure rising"", ""membership"": 0.7258080992002248}, ""SHAP_Interest_Spread"": {""state"": ""neutral"", ""label"": ""Stable"", ""membership"": 0.9468374293676377}, ""SHAP_CAR"": {""state"": ""neutral"", ""label"": ""Stable"", ""membership"": 0.9979745311903051}, ""GP_mu"": {""state"": ""neutral"", ""label"": ""Flat outlook"", ""membership"": 0.9976668723192084}, ""GP_confidence"": {""state"": ""positive"", ""label"": ""High confidence"", ""membership"": 0.6888862259575683}}",SHAP_CAR,Capital cushion strengthening,0.755163679785563,SHAP_Interest_Spread,Margin compression,0.7598708789750139,0.1863047471710099
PCBL,2077/2078,0,0.2099999999999999,0.6507435096169559,0.6507435096169559,0.3683713124058279,0.3683713124058279,False,0.11796110536992005,"R3,R7","{""SHAP_CD_Ratio"": {""state"": ""negative"", ""label"": ""Liquidity-pressure reducing"", ""membership"": 0.962827642489977}, ""SHAP_Base_Rate"": {""state"": ""negative"", ""label"": ""Funding pressure easing"", ""membership"": 0.9982954684527235}, ""SHAP_Interest_Spread"": {""state"": ""neutral"", ""label"": ""Stable"", ""membership"": 0.8293178397788352}, ""SHAP_CAR"": {""state"": ""positive"", ""label"": ""Capital cushion strengthening"", ""membership"": 0.09688459441885082}, ""GP_mu"": {""state"": ""negative"", ""label"": ""Improving outlook"", ""membership"": 0.557375724937924}, ""GP_confidence"": {""state"": ""neutral"", ""label"": ""Moderate confidence"", ""membership"": 0.5631080603421669}}",SHAP_Interest_Spread,Margin expansion,0.41148935040809215,SHAP_Base_Rate,Funding pressure easing,0.9982954684527235,0.2267202347983274
PCBL,2078/2079,1,2.8300000000000005,0.2945117604973437,0.2945117604973437,0.7055071055283394,0.7055071055283394,False,0.005040531925001715,"R1,R6,R8","{""SHAP_CD_Ratio"": {""state"": ""positive"", ""label"": ""Liquidity-pressure building"", ""membership"": 0.9968769160580779}, ""SHAP_Base_Rate"": {""state"": ""positive"", ""label"": ""Funding pressure rising"", ""membership"": 0.536332706023628}, ""SHAP_Interest_Spread"": {""state"": ""negative"", ""label"": ""Margin compression"", ""membership"": 0.998514808876107}, ""SHAP_CAR"": {""state"": ""negative"", ""label"": ""Capital pressure building"", ""membership"": 0.9796548182116738}, ""GP_mu"": {""state"": ""positive"", ""label"": ""Deteriorating outlook"", ""membership"": 0.9999474923645659}, ""GP_confidence"": {""state"": ""positive"", ""label"": ""High confidence"", ""membership"": 0.9936620728881488}}",SHAP_CD_Ratio,Liquidity-pressure building,0.9968769160580779,SHAP_Interest_Spread,Margin compression,0.998514808876107,0.1992724977912139
PCBL,2079/2080,0,0.4399999999999995,0.6338490290921318,0.5519359151039295,0.3682748491916316,0.5,True,0.8742591191178043,"R2,R4,R7","{""SHAP_CD_Ratio"": {""state"": ""positive"", ""label"": ""Liquidity-pressure building"", ""membership"": 0.01912924110377861}, ""SHAP_Base_Rate"": {""state"": ""neutral"", ""label"": ""Stable"", ""membership"": 0.6981890071566116}, ""SHAP_Interest_Spread"": {""state"": ""positive"", ""label"": ""Margin expansion"", ""membership"": 0.9799308666294508}, ""SHAP_CAR"": {""state"": ""positive"", ""label"": ""Capital cushion strengthening"", ""membership"": 0.9672728632888004}, ""GP_mu"": {""state"": ""positive"", ""label"": ""Deteriorating outlook"", ""membership"": 0.10446259874213731}, ""GP_confidence"": {""state"": ""negative"", ""label"": ""Low confidence"", ""membership"": 0.8742591191178043}}",SHAP_Interest_Spread,Margin expansion,0.9799308666294508,SHAP_Base_Rate,Funding pressure easing,0.31746460082312894,0.3791634517137891
PCBL,2080/2081,1,0.8899999999999997,0.6667886035997143,0.6667886035997143,0.5922550530004891,0.5922550530004891,False,0.5003732702458066,"R2,R6,R7","{""SHAP_CD_Ratio"": {""state"": ""positive"", ""label"": ""Liquidity-pressure building"", ""membership"": 0.12044567540900804}, ""SHAP_Base_Rate"": {""state"": ""neutral"", ""label"": ""Stable"", ""membership"": 0.9930205442548354}, ""SHAP_Interest_Spread"": {""state"": ""positive"", ""label"": ""Margin expansion"", ""membership"": 0.9483422200497063}, ""SHAP_CAR"": {""state"": ""positive"", ""label"": ""Capital cushion strengthening"", ""membership"": 0.9809733257351763}, ""GP_mu"": {""state"": ""positive"", ""label"": ""Deteriorating outlook"", ""membership"": 0.9869743433317252}, ""GP_confidence"": {""state"": ""neutral"", ""label"": ""Moderate confidence"", ""membership"": 0.9837655119569861}}",SHAP_CAR,Capital cushion strengthening,0.9809733257351763,SHAP_Base_Rate,Funding pressure easing,0.8601828476925257,0.2569251768935329
PCBL,2081/2082,0,0.3000000000000007,0.619710999960837,0.619710999960837,0.6753601473002848,0.6753601473002848,False,0.5889160163307163,"R1,R2,R7,R8","{""SHAP_CD_Ratio"": {""state"": ""positive"", ""label"": ""Liquidity-pressure building"", ""membership"": 0.7042631428232827}, ""SHAP_Base_Rate"": {""state"": ""negative"", ""label"": ""Funding pressure easing"", ""membership"": 0.9504873892502055}, ""SHAP_Interest_Spread"": {""state"": ""neutral"", ""label"": ""Stable"", ""membership"": 0.9858798403456643}, ""SHAP_CAR"": {""state"": ""neutral"", ""label"": ""Stable"", ""membership"": 0.9896384802884346}, ""GP_mu"": {""state"": ""positive"", ""label"": ""Deteriorating outlook"", ""membership"": 0.8345103847976244}, ""GP_confidence"": {""state"": ""negative"", ""label"": ""Low confidence"", ""membership"": 0.5889160163307163}}",SHAP_CAR,Capital cushion strengthening,0.8636679977848385,SHAP_Base_Rate,Funding pressure easing,0.9504873892502055,0.472045490258837
SANIMA,2074/2075,0,0.05,0.6404190816215206,0.54386454659314,0.5677138475630464,0.5677138475630464,True,0.9823098716193563,"R4,R5","{""SHAP_CD_Ratio"": {""state"": ""neutral"", ""label"": ""Stable"", ""membership"": 0.9772150764928721}, ""SHAP_Base_Rate"": {""state"": ""positive"", ""label"": ""Funding pressure rising"", ""membership"": 0.9999467782375722}, ""SHAP_Interest_Spread"": {""state"": ""negative"", ""label"": ""Margin compression"", ""membership"": 0.9992084587187687}, ""SHAP_CAR"": {""state"": ""neutral"", ""label"": ""Stable"", ""membership"": 0.9661061262403248}, ""GP_mu"": {""state"": ""positive"", ""label"": ""Deteriorating outlook"", ""membership"": 0.8425200543554192}, ""GP_confidence"": {""state"": ""negative"", ""label"": ""Low confidence"", ""membership"": 0.9823098716193563}}",SHAP_Base_Rate,Funding pressure rising,0.9999467782375722,SHAP_Interest_Spread,Margin compression,0.9992084587187687,0.3104659191655912
SANIMA,2075/2076,0,0.3999999999999999,0.6916039567741787,0.6916039567741787,0.3700837551599303,0.3700837551599303,False,0.48161488608898834,R5,"{""SHAP_CD_Ratio"": {""state"": ""negative"", ""label"": ""Liquidity-pressure reducing"", ""membership"": 0.9887968015133662}, ""SHAP_Base_Rate"": {""state"": ""positive"", ""label"": ""Funding pressure rising"", ""membership"": 0.5734902871300259}, ""SHAP_Interest_Spread"": {""state"": ""neutral"", ""label"": ""Stable"", ""membership"": 0.9603015053802966}, ""SHAP_CAR"": {""state"": ""neutral"", ""label"": ""Stable"", ""membership"": 0.9988913213045817}, ""GP_mu"": {""state"": ""neutral"", ""label"": ""Flat outlook"", ""membership"": 0.9850471975048568}, ""GP_confidence"": {""state"": ""neutral"", ""label"": ""Moderate confidence"", ""membership"": 0.9775785582366984}}",SHAP_CAR,Capital cushion strengthening,0.7644989425294606,SHAP_CD_Ratio,Liquidity-pressure reducing,0.9887968015133662,0.255622241878652
SANIMA,2076/2077,0,-0.3199999999999999,0.652000670128185,0.652000670128185,0.5798810738409896,0.5798810738409896,False,0.0005979359525141725,"R3,R5,R6","{""SHAP_CD_Ratio"": {""state"": ""neutral"", ""label"": ""Stable"", ""membership"": 0.9903124456581205}, ""SHAP_Base_Rate"": {""state"": ""positive"", ""label"": ""Funding pressure rising"", ""membership"": 0.7604222145196123}, ""SHAP_Interest_Spread"": {""state"": ""negative"", ""label"": ""Margin compression"", ""membership"": 0.9847228662238249}, ""SHAP_CAR"": {""state"": ""neutral"", ""label"": ""Stable"", ""membership"": 0.994497516799578}, ""GP_mu"": {""state"": ""neutral"", ""label"": ""Flat outlook"", ""membership"": 0.9921449883548594}, ""GP_confidence"": {""state"": ""positive"", ""label"": ""High confidence"", ""membership"": 0.7756602913175802}}",SHAP_Base_Rate,Funding pressure rising,0.7604222145196123,SHAP_Interest_Spread,Margin compression,0.9847228662238249,0.1887028342620625
SANIMA,2077/2078,0,0.1899999999999999,0.605813828511606,0.5500417903865744,0.5563827371130087,0.5563827371130087,True,0.7529671811267801,"R2,R4,R5","{""SHAP_CD_Ratio"": {""state"": ""neutral"", ""label"": ""Stable"", ""membership"": 0.9952046773789638}, ""SHAP_Base_Rate"": {""state"": ""negative"", ""label"": ""Funding pressure easing"", ""membership"": 0.9855000869492141}, ""SHAP_Interest_Spread"": {""state"": ""negative"", ""label"": ""Margin compression"", ""membership"": 0.9999234760405606}, ""SHAP_CAR"": {""state"": ""negative"", ""label"": ""Capital pressure building"", ""membership"": 0.9643397925657332}, ""GP_mu"": {""state"": ""neutral"", ""label"": ""Flat outlook"", ""membership"": 0.8151480324692726}, ""GP_confidence"": {""state"": ""neutral"", ""label"": ""Moderate confidence"", ""membership"": 0.9710149399528762}}",SHAP_CAR,Capital cushion strengthening,0.2716267343876936,SHAP_Interest_Spread,Margin compression,0.9999234760405606,0.2762647094559588
SANIMA,2078/2079,1,0.95,0.3421040727111638,0.3421040727111638,0.7011456723063453,0.7011456723063453,False,0.039124855682350745,"R1,R3,R6,R8","{""SHAP_CD_Ratio"": {""state"": ""positive"", ""label"": ""Liquidity-pressure building"", ""membership"": 0.999941511422782}, ""SHAP_Base_Rate"": {""state"": ""positive"", ""label"": ""Funding pressure rising"", ""membership"": 0.827031125429803}, ""SHAP_Interest_Spread"": {""state"": ""neutral"", ""label"": ""Stable"", ""membership"": 0.6414593572548272}, ""SHAP_CAR"": {""state"": ""negative"", ""label"": ""Capital pressure building"", ""membership"": 0.8729753385168598}, ""GP_mu"": {""state"": ""neutral"", ""label"": ""Flat outlook"", ""membership"": 0.898627810844052}, ""GP_confidence"": {""state"": ""positive"", ""label"": ""High confidence"", ""membership"": 0.8382556464023752}}",SHAP_CD_Ratio,Liquidity-pressure building,0.999941511422782,SHAP_CAR,Capital pressure building,0.8729753385168598,0.2143398394654736
SANIMA,2079/2080,0,0.4299999999999999,0.6615352305090789,0.6615352305090789,0.375317989187432,0.375317989187432,False,0.08554423376092381,"R3,R5","{""SHAP_CD_Ratio"": {""state"": ""neutral"", ""label"": ""Stable"", ""membership"": 0.9999897642981533}, ""SHAP_Base_Rate"": {""state"": ""positive"", ""label"": ""Funding pressure rising"", ""membership"": 0.8448705437978301}, ""SHAP_Interest_Spread"": {""state"": ""positive"", ""label"": ""Margin expansion"", ""membership"": 0.9999329069107784}, ""SHAP_CAR"": {""state"": ""neutral"", ""label"": ""Stable"", ""membership"": 0.9238825562735482}, ""GP_mu"": {""state"": ""neutral"", ""label"": ""Flat outlook"", ""membership"": 0.8228556773304866}, ""GP_confidence"": {""state"": ""positive"", ""label"": ""High confidence"", ""membership"": 0.6534595763562142}}",SHAP_Interest_Spread,Margin expansion,0.9999329069107784,SHAP_CD_Ratio,Liquidity-pressure reducing,0.7823847668283728,0.2226110449972229
SANIMA,2080/2081,0,-0.52,0.5716412957621109,0.5716412957621109,0.6282073281369588,0.6282073281369588,False,0.000831752707289611,"R2,R3,R5,R6,R7","{""SHAP_CD_Ratio"": {""state"": ""neutral"", ""label"": ""Stable"", ""membership"": 0.9897668043527389}, ""SHAP_Base_Rate"": {""state"": ""negative"", ""label"": ""Funding pressure easing"", ""membership"": 0.9991736131932087}, ""SHAP_Interest_Spread"": {""state"": ""positive"", ""label"": ""Margin expansion"", ""membership"": 0.5223908370749507}, ""SHAP_CAR"": {""state"": ""negative"", ""label"": ""Capital pressure building"", ""membership"": 0.9792825691151775}, ""GP_mu"": {""state"": ""neutral"", ""label"": ""Flat outlook"", ""membership"": 0.9289619020239701}, ""GP_confidence"": {""state"": ""positive"", ""label"": ""High confidence"", ""membership"": 0.8219815653150282}}",SHAP_Interest_Spread,Margin expansion,0.5223908370749507,SHAP_Base_Rate,Funding pressure easing,0.9991736131932087,0.1901256580932969
SANIMA,2081/2082,0,0.3700000000000001,0.5300160471960698,0.5300160471960698,0.6065309918310136,0.6065309918310136,False,0.48542834991997363,"R1,R3,R7,R8","{""SHAP_CD_Ratio"": {""state"": ""neutral"", ""label"": ""Stable"", ""membership"": 0.8192042777372978}, ""SHAP_Base_Rate"": {""state"": ""negative"", ""label"": ""Funding pressure easing"", ""membership"": 0.97848497609645}, ""SHAP_Interest_Spread"": {""state"": ""neutral"", ""label"": ""Stable"", ""membership"": 0.9581065518118115}, ""SHAP_CAR"": {""state"": ""negative"", ""label"": ""Capital pressure building"", ""membership"": 0.9666888086060494}, ""GP_mu"": {""state"": ""negative"", ""label"": ""Improving outlook"", ""membership"": 0.9963246843796885}, ""GP_confidence"": {""state"": ""neutral"", ""label"": ""Moderate confidence"", ""membership"": 0.9789205694176997}}",SHAP_Interest_Spread,Margin expansion,0.25554277825721416,SHAP_Base_Rate,Funding pressure easing,0.97848497609645,0.2558867284582474
SCB,2074/2075,0,-0.03,0.7028901684540322,0.5687353031415942,0.5600018438005687,0.5600018438005687,True,0.9445987898256307,"R2,R4,R5","{""SHAP_CD_Ratio"": {""state"": ""neutral"", ""label"": ""Stable"", ""membership"": 0.9908717614347116}, ""SHAP_Base_Rate"": {""state"": ""negative"", ""label"": ""Funding pressure easing"", ""membership"": 0.9923138119634983}, ""SHAP_Interest_Spread"": {""state"": ""negative"", ""label"": ""Margin compression"", ""membership"": 0.9997083205662293}, ""SHAP_CAR"": {""state"": ""neutral"", ""label"": ""Stable"", ""membership"": 0.9438513613597534}, ""GP_mu"": {""state"": ""neutral"", ""label"": ""Flat outlook"", ""membership"": 0.9914811708679993}, ""GP_confidence"": {""state"": ""negative"", ""label"": ""Low confidence"", ""membership"": 0.9445987898256307}}",SHAP_CAR,Capital cushion strengthening,0.9419674467832813,SHAP_Interest_Spread,Margin compression,0.9997083205662293,0.3002412353042324
SCB,2075/2076,0,0.29,0.7054874347767196,0.7054874347767196,0.3716271473613081,0.3716271473613081,False,0.01674715142781984,"R2,R3,R5","{""SHAP_CD_Ratio"": {""state"": ""neutral"", ""label"": ""Stable"", ""membership"": 0.964990157710667}, ""SHAP_Base_Rate"": {""state"": ""negative"", ""label"": ""Funding pressure easing"", ""membership"": 0.9996609337543574}, ""SHAP_Interest_Spread"": {""state"": ""negative"", ""label"": ""Margin compression"", ""membership"": 0.9984903485175362}, ""SHAP_CAR"": {""state"": ""positive"", ""label"": ""Capital cushion strengthening"", ""membership"": 0.9943918501137287}, ""GP_mu"": {""state"": ""negative"", ""label"": ""Improving outlook"", ""membership"": 0.9987697026996194}, ""GP_confidence"": {""state"": ""positive"", ""label"": ""High confidence"", ""membership"": 0.9615326832794486}}",SHAP_CAR,Capital cushion strengthening,0.9943918501137287,SHAP_Base_Rate,Funding pressure easing,0.9996609337543574,0.2072385314694519
SCB,2076/2077,1,0.52,0.7031171708940342,0.5767665599153053,0.3781702347076909,0.5,True,0.8886539332557086,"R2,R4,R5","{""SHAP_CD_Ratio"": {""state"": ""neutral"", ""label"": ""Stable"", ""membership"": 0.9983709969615564}, ""SHAP_Base_Rate"": {""state"": ""negative"", ""label"": ""Funding pressure easing"", ""membership"": 0.9913167827144094}, ""SHAP_Interest_Spread"": {""state"": ""negative"", ""label"": ""Margin compression"", ""membership"": 0.9915992590813527}, ""SHAP_CAR"": {""state"": ""neutral"", ""label"": ""Stable"", ""membership"": 0.9532924872681949}, ""GP_mu"": {""state"": ""neutral"", ""label"": ""Flat outlook"", ""membership"": 0.7693716776906784}, ""GP_confidence"": {""state"": ""negative"", ""label"": ""Low confidence"", ""membership"": 0.8886539332557086}}",SHAP_CAR,Capital cushion strengthening,0.9315957453581227,SHAP_Interest_Spread,Margin compression,0.9915992590813527,0.290989237367193
SCB,2077/2078,0,-0.37,0.6347747204537898,0.5432034945005161,0.3711788388970429,0.5,True,0.9706274042761471,"R2,R4,R5,R7","{""SHAP_CD_Ratio"": {""state"": ""neutral"", ""label"": ""Stable"", ""membership"": 0.9965675710174757}, ""SHAP_Base_Rate"": {""state"": ""neutral"", ""label"": ""Stable"", ""membership"": 0.9954336579185908}, ""SHAP_Interest_Spread"": {""state"": ""neutral"", ""label"": ""Stable"", ""membership"": 0.818717643968576}, ""SHAP_CAR"": {""state"": ""positive"", ""label"": ""Capital cushion strengthening"", ""membership"": 0.25283564213938525}, ""GP_mu"": {""state"": ""neutral"", ""label"": ""Flat outlook"", ""membership"": 0.7481195817129742}, ""GP_confidence"": {""state"": ""negative"", ""label"": ""Low confidence"", ""membership"": 0.9706274042761471}}",SHAP_Interest_Spread,Margin expansion,0.4228953995918393,SHAP_CD_Ratio,Liquidity-pressure reducing,0.8240241316433492,0.3065460719669374
SCB,2078/2079,1,0.58,0.6009218511593848,0.5478719998608992,0.7055041564906264,0.7055041564906264,True,0.7509325382398335,"R1,R2,R4,R8","{""SHAP_CD_Ratio"": {""state"": ""positive"", ""label"": ""Liquidity-pressure building"", ""membership"": 0.9986785090232693}, ""SHAP_Base_Rate"": {""state"": ""negative"", ""label"": ""Funding pressure easing"", ""membership"": 0.9995868139316773}, ""SHAP_Interest_Spread"": {""state"": ""negative"", ""label"": ""Margin compression"", ""membership"": 0.9963932727667105}, ""SHAP_CAR"": {""state"": ""neutral"", ""label"": ""Stable"", ""membership"": 0.9788019373121756}, ""GP_mu"": {""state"": ""neutral"", ""label"": ""Flat outlook"", ""membership"": 0.8631300507665279}, ""GP_confidence"": {""state"": ""neutral"", ""label"": ""Moderate confidence"", ""membership"": 0.971853006231952}}",SHAP_CD_Ratio,Liquidity-pressure building,0.9986785090232693,SHAP_Base_Rate,Funding pressure easing,0.9995868139316773,0.2760822977903469
SCB,2079/2080,1,0.9700000000000002,0.6989598453750956,0.6989598453750956,0.3682748491916316,0.3682748491916316,False,0.00011461578515175321,"R2,R3,R7","{""SHAP_CD_Ratio"": {""state"": ""negative"", ""label"": ""Liquidity-pressure reducing"", ""membership"": 0.2666525110967517}, ""SHAP_Base_Rate"": {""state"": ""negative"", ""label"": ""Funding pressure easing"", ""membership"": 0.9676946556408079}, ""SHAP_Interest_Spread"": {""state"": ""positive"", ""label"": ""Margin expansion"", ""membership"": 0.8646243637908225}, ""SHAP_CAR"": {""state"": ""negative"", ""label"": ""Capital pressure building"", ""membership"": 0.9004902012159487}, ""GP_mu"": {""state"": ""negative"", ""label"": ""Improving outlook"", ""membership"": 0.9906569182442554}, ""GP_confidence"": {""state"": ""positive"", ""label"": ""High confidence"", ""membership"": 0.5340675927121552}}",SHAP_Interest_Spread,Margin expansion,0.8646243637908225,SHAP_Base_Rate,Funding pressure easing,0.9676946556408079,0.182418504822709
SCB,2080/2081,0,-0.6700000000000002,0.6989306965660523,0.6989306965660523,0.3684388146977982,0.3684388146977982,False,0.4271775213215197,"R2,R3,R5,R7","{""SHAP_CD_Ratio"": {""state"": ""negative"", ""label"": ""Liquidity-pressure reducing"", ""membership"": 0.996592415748973}, ""SHAP_Base_Rate"": {""state"": ""neutral"", ""label"": ""Stable"", ""membership"": 0.9694559251207111}, ""SHAP_Interest_Spread"": {""state"": ""positive"", ""label"": ""Margin expansion"", ""membership"": 0.5288036975813513}, ""SHAP_CAR"": {""state"": ""positive"", ""label"": ""Capital cushion strengthening"", ""membership"": 0.8403913374648403}, ""GP_mu"": {""state"": ""neutral"", ""label"": ""Flat outlook"", ""membership"": 0.8615478045717342}, ""GP_confidence"": {""state"": ""neutral"", ""label"": ""Moderate confidence"", ""membership"": 0.953551924230185}}",SHAP_CAR,Capital cushion strengthening,0.8403913374648403,SHAP_CD_Ratio,Liquidity-pressure reducing,0.996592415748973,0.2518541128993131
SCB,2081/2082,0,0.24,0.6158966460669462,0.5508895874725726,0.36906081540287455,0.5,True,0.8012934775502256,"R2,R4,R5,R7","{""SHAP_CD_Ratio"": {""state"": ""negative"", ""label"": ""Liquidity-pressure reducing"", ""membership"": 0.9531974234548941}, ""SHAP_Base_Rate"": {""state"": ""neutral"", ""label"": ""Stable"", ""membership"": 0.9885330295448957}, ""SHAP_Interest_Spread"": {""state"": ""neutral"", ""label"": ""Stable"", ""membership"": 0.9824858473495002}, ""SHAP_CAR"": {""state"": ""positive"", ""label"": ""Capital cushion strengthening"", ""membership"": 0.23764048278295388}, ""GP_mu"": {""state"": ""negative"", ""label"": ""Improving outlook"", ""membership"": 0.9487904835536548}, ""GP_confidence"": {""state"": ""negative"", ""label"": ""Low confidence"", ""membership"": 0.8012934775502256}}",SHAP_CAR,Capital cushion strengthening,0.23764048278295388,SHAP_CD_Ratio,Liquidity-pressure reducing,0.9531974234548941,0.4001821273313374
